phase,run,case,frames,files,frames_per_second,backend_polls_per_frame,allocations_per_frame,allocations_per_file,allocated_bytes,elapsed_ns
before,1,raw_stream_baseline,10000000,1,470397309,1.000,0.000000,0.000,0,21258625
before,1,read_one_large_file,10000000,1,43295932,1.000,0.000002,19.000,66600,230968583
before,1,read_many_small_files,4000000,1000000,27730621,1.500,0.000030,0.000,18216,144244875
before,1,read_multiple_active,10240000,10000,40400753,1.002,0.000004,0.004,69240,253460625
before,1,read_backpressure,1280000,5000,16636610,2.016,0.000083,0.021,75080,76938750
before,1,read_many_openings,1000000,1000000,6134348,6.000,0.000446,0.000,130680,163016500
before,1,write_one_large_file,10000000,1,37572597,1.000,0.000002,21.000,1280,266151417
before,1,write_many_small_files,4000000,1000000,19977600,1.250,0.000074,0.000,37992,200224250
before,1,write_multiple_active,10240000,10000,36564007,1.001,0.000005,0.005,3112,280056833
before,1,write_backpressure,1280000,5000,16135437,2.004,0.000152,0.039,78704,79328500
before,1,write_finalize_retry,10240000,10000,26437627,2.002,0.000011,0.011,133672,387326750
before,1,shared_four_schedulers,10000000,4,40831131,1.000,0.000007,17.750,70792,244911167
after,1,raw_stream_baseline,10000000,1,432134993,1.000,0.000000,0.000,0,23140917
after,1,read_one_large_file,10000000,1,42189932,1.000,0.000002,19.000,66600,237023375
after,1,read_many_small_files,4000000,1000000,27955900,1.500,0.000030,0.000,18216,143082500
after,1,read_multiple_active,10240000,10000,39823813,1.002,0.000004,0.004,69240,257132583
after,1,read_backpressure,1280000,5000,17048907,2.016,0.000083,0.021,75080,75078125
after,1,read_many_openings,1000000,1000000,6229808,6.000,0.000446,0.000,130680,160518583
after,1,write_one_large_file,10000000,1,34253790,1.000,0.000002,21.000,1280,291938500
after,1,write_many_small_files,4000000,1000000,19060852,1.250,0.000074,0.000,37992,209854208
after,1,write_multiple_active,10240000,10000,33677536,1.001,0.000005,0.005,3112,304060250
after,1,write_backpressure,1280000,5000,15826991,2.004,0.000152,0.039,78704,80874500
after,1,write_finalize_retry,10240000,10000,26187788,2.002,0.000011,0.011,133672,391021958
after,1,shared_four_schedulers,10000000,4,42121646,1.000,0.000007,17.750,70792,237407625
after,1,read_consumer_wait,819200,1,9676762,2.000,0.000026,21.000,2152,84656417
after,1,read_consumer_drive,819200,1,4693842,2.000,0.000026,21.000,2152,174526542
after,1,write_consumer_wait,819200,204800,10828477,2.250,0.000170,0.001,12272,75652375
after,1,write_consumer_drive,819200,204800,7518447,2.250,0.000170,0.001,12272,108958667
after,2,raw_stream_baseline,10000000,1,473303707,1.000,0.000000,0.000,0,21128083
after,2,read_one_large_file,10000000,1,42405052,1.000,0.000002,19.000,66600,235820958
after,2,read_many_small_files,4000000,1000000,27847526,1.500,0.000030,0.000,18216,143639333
after,2,read_multiple_active,10240000,10000,39272299,1.002,0.000004,0.004,69240,260743583
after,2,read_backpressure,1280000,5000,16960728,2.016,0.000083,0.021,75080,75468458
after,2,read_many_openings,1000000,1000000,6272342,6.000,0.000446,0.000,130680,159430083
after,2,write_one_large_file,10000000,1,35339446,1.000,0.000002,21.000,1280,282969916
after,2,write_many_small_files,4000000,1000000,19247873,1.250,0.000074,0.000,37992,207815167
after,2,write_multiple_active,10240000,10000,35939808,1.001,0.000005,0.005,3112,284920834
after,2,write_backpressure,1280000,5000,16005285,2.004,0.000152,0.039,78704,79973583
after,2,write_finalize_retry,10240000,10000,25374450,2.002,0.000011,0.011,133672,403555541
after,2,shared_four_schedulers,10000000,4,42114883,1.000,0.000007,17.750,70792,237445750
after,2,read_consumer_wait,819200,1,9694636,2.000,0.000026,21.000,2152,84500333
after,2,read_consumer_drive,819200,1,4701656,2.000,0.000026,21.000,2152,174236500
after,2,write_consumer_wait,819200,204800,11063742,2.250,0.000170,0.001,12272,74043666
after,2,write_consumer_drive,819200,204800,7655795,2.250,0.000170,0.001,12272,107003916
after,3,raw_stream_baseline,10000000,1,473271025,1.000,0.000000,0.000,0,21129542
after,3,read_one_large_file,10000000,1,41718213,1.000,0.000002,19.000,66600,239703459
after,3,read_many_small_files,4000000,1000000,27940888,1.500,0.000030,0.000,18216,143159375
after,3,read_multiple_active,10240000,10000,39446560,1.002,0.000004,0.004,69240,259591709
after,3,read_backpressure,1280000,5000,16801667,2.016,0.000083,0.021,75080,76182917
after,3,read_many_openings,1000000,1000000,6172486,6.000,0.000446,0.000,130680,162009291
after,3,write_one_large_file,10000000,1,35232306,1.000,0.000002,21.000,1280,283830416
after,3,write_many_small_files,4000000,1000000,18940373,1.250,0.000074,0.000,37992,211189083
after,3,write_multiple_active,10240000,10000,35729624,1.001,0.000005,0.005,3112,286596917
after,3,write_backpressure,1280000,5000,16060184,2.004,0.000152,0.039,78704,79700208
after,3,write_finalize_retry,10240000,10000,25855757,2.002,0.000011,0.011,133672,396043333
after,3,shared_four_schedulers,10000000,4,42854564,1.000,0.000007,17.750,70792,233347375
after,3,read_consumer_wait,819200,1,9789387,2.000,0.000026,21.000,2152,83682458
after,3,read_consumer_drive,819200,1,4710564,2.000,0.000026,21.000,2152,173907000
after,3,write_consumer_wait,819200,204800,11201854,2.250,0.000170,0.001,12272,73130750
after,3,write_consumer_drive,819200,204800,7676728,2.250,0.000170,0.001,12272,106712125
after,4,raw_stream_baseline,10000000,1,472783441,1.000,0.000000,0.000,0,21151333
after,4,read_one_large_file,10000000,1,42305412,1.000,0.000002,19.000,66600,236376375
after,4,read_many_small_files,4000000,1000000,27836092,1.500,0.000030,0.000,18216,143698333
after,4,read_multiple_active,10240000,10000,39182980,1.002,0.000004,0.004,69240,261337958
after,4,read_backpressure,1280000,5000,17056594,2.016,0.000083,0.021,75080,75044291
after,4,read_many_openings,1000000,1000000,6276543,6.000,0.000446,0.000,130680,159323375
after,4,write_one_large_file,10000000,1,35414245,1.000,0.000002,21.000,1280,282372250
after,4,write_many_small_files,4000000,1000000,19347053,1.250,0.000074,0.000,37992,206749833
after,4,write_multiple_active,10240000,10000,35652486,1.001,0.000005,0.005,3112,287217000
after,4,write_backpressure,1280000,5000,15955905,2.004,0.000152,0.039,78704,80221083
after,4,write_finalize_retry,10240000,10000,27132770,2.002,0.000011,0.011,133672,377403417
after,4,shared_four_schedulers,10000000,4,43076085,1.000,0.000007,17.750,70792,232147375
after,4,read_consumer_wait,819200,1,9796016,2.000,0.000026,21.000,2152,83625834
after,4,read_consumer_drive,819200,1,4734392,2.000,0.000026,21.000,2152,173031708
after,4,write_consumer_wait,819200,204800,11092192,2.250,0.000170,0.001,12272,73853750
after,4,write_consumer_drive,819200,204800,7882712,2.250,0.000170,0.001,12272,103923625
after,5,raw_stream_baseline,10000000,1,472775059,1.000,0.000000,0.000,0,21151708
after,5,read_one_large_file,10000000,1,41306959,1.000,0.000002,19.000,66600,242089959
after,5,read_many_small_files,4000000,1000000,28221026,1.500,0.000030,0.000,18216,141738292
after,5,read_multiple_active,10240000,10000,38808067,1.002,0.000004,0.004,69240,263862666
after,5,read_backpressure,1280000,5000,16745388,2.016,0.000083,0.021,75080,76438959
after,5,read_many_openings,1000000,1000000,6198101,6.000,0.000446,0.000,130680,161339750
after,5,write_one_large_file,10000000,1,35048239,1.000,0.000002,21.000,1280,285321042
after,5,write_many_small_files,4000000,1000000,19635403,1.250,0.000074,0.000,37992,203713667
after,5,write_multiple_active,10240000,10000,34782683,1.001,0.000005,0.005,3112,294399375
after,5,write_backpressure,1280000,5000,15997375,2.004,0.000152,0.039,78704,80013125
after,5,write_finalize_retry,10240000,10000,26067579,2.002,0.000011,0.011,133672,392825125
after,5,shared_four_schedulers,10000000,4,42178202,1.000,0.000007,17.750,70792,237089291
after,5,read_consumer_wait,819200,1,9864972,2.000,0.000026,21.000,2152,83041292
after,5,read_consumer_drive,819200,1,4699867,2.000,0.000026,21.000,2152,174302792
after,5,write_consumer_wait,819200,204800,11124899,2.250,0.000170,0.001,12272,73636625
after,5,write_consumer_drive,819200,204800,7544621,2.250,0.000170,0.001,12272,108580667
